{
	"credit": "by 2m3v",
	"textures": {
		"0": "m3vtg:item/domino",
		"particle": "m3vtg:item/domino"
	},
	"elements": [
		{
			"from": [3.8, 8, 5.7],
			"to": [7.8, 9, 10.2],
			"rotation": {"angle": 0, "axis": "y", "origin": [8, 0.5, 7.5]},
			"faces": {
				"north": {"uv": [13.75, 0, 16, 2], "rotation": 270, "texture": "#0"},
				"east": {"uv": [13.75, 0, 16, 2], "rotation": 270, "texture": "#0"},
				"south": {"uv": [13.75, 0, 16, 2], "rotation": 270, "texture": "#0"},
				"west": {"uv": [13.75, 0, 16, 2], "rotation": 270, "texture": "#0"},
				"up": {"uv": [0, 0, 2.25, 2], "rotation": 270, "texture": "#0"},
				"down": {"uv": [13.75, 0, 16, 2], "rotation": 270, "texture": "#0"}
			}
		},
		{
			"from": [7.8, 8, 5.7],
			"to": [12.3, 9, 10.2],
			"rotation": {"angle": 0, "axis": "y", "origin": [11, 0.5, 7.95]},
			"faces": {
				"north": {"uv": [13.75, 0, 16, 2.25], "rotation": 90, "texture": "#0"},
				"east": {"uv": [13.75, 0, 16, 2.25], "rotation": 90, "texture": "#0"},
				"south": {"uv": [13.75, 0, 16, 2.25], "rotation": 90, "texture": "#0"},
				"west": {"uv": [13.75, 0, 16, 2.25], "rotation": 90, "texture": "#0"},
				"up": {"uv": [0.25, 13.75, 2.5, 16], "rotation": 90, "texture": "#0"},
				"down": {"uv": [13.75, 0, 16, 2.25], "rotation": 90, "texture": "#0"}
			}
		}
	],
	"gui_light": "front",
	"display": {
		"thirdperson_righthand": {
			"rotation": [146.75, 0, 0],
			"translation": [0.25, 0.5, 0.75],
			"scale": [0.35, 0.35, 0.35]
		},
		"firstperson_righthand": {
			"rotation": [87.75, 0, 9.75],
			"translation": [-5, 5.75, 6.5],
			"scale": [0.45, 0.45, 0.45]
		},
		"ground": {
			"translation": [0, 3, 0],
			"scale": [0.6, 0.6, 0.6]
		},
		"gui": {
			"rotation": [90, 0, 0],
			"translation": [0, -0.25, 0],
			"scale": [1.4, 1.4, 1.4]
		},
		"head": {
			"translation": [-0.025, 3.7, 0.01],
			"scale": [0.47, 0.47, 0.47]
		},
		"fixed": {
			"rotation": [-90, 0, 0],
			"translation": [0, 0, 1]
		}
	}
}