{
	"credit": "by 2m3v",
	"textures": {
		"1": "m3vtg:item/chess_board_s"
	},
	"elements": [
		{
			"from": [-8, 8, -8],
			"to": [24, 9, 24],
			"faces": {
				"north": {"uv": [0, 0, 5, 0.25], "rotation": 180, "texture": "#1"},
				"east": {"uv": [4.75, 0, 5, 5], "rotation": 90, "texture": "#1"},
				"south": {"uv": [0, 4.75, 5, 5], "texture": "#1"},
				"west": {"uv": [0, 5, 0.25, 0], "rotation": 90, "texture": "#1"},
				"up": {"uv": [0, 0, 5, 5], "texture": "#1"},
				"down": {"uv": [0, 5, 5, 10], "texture": "#1"}
			}
		},
		{
			"from": [-7.95, 9.001, -4.45],
			"to": [-4.8, 9.001, 20.5],
			"rotation": {"angle": 0, "axis": "y", "origin": [-25, 0, 12.75]},
			"faces": {
				"north": {"uv": [16, 16, 16, 16], "texture": "#1"},
				"east": {"uv": [0, 0, 2, 0], "texture": "#1"},
				"south": {"uv": [0, 13.75, 6.24318, 13.75], "texture": "#1"},
				"west": {"uv": [0.5, 0, 0.75, 0], "texture": "#1"},
				"up": {"uv": [14, 0.5, 15.75, 14], "texture": "#1"},
				"down": {"uv": [16, 16, 16, 16], "rotation": 90, "texture": "#1"}
			}
		},
		{
			"from": [-4.6, 9.001, 21],
			"to": [20.6, 9.001, 23.95],
			"rotation": {"angle": 0, "axis": "y", "origin": [0, 0, 29]},
			"faces": {
				"north": {"uv": [5.75, 13.75, 7.75, 13.75], "texture": "#1"},
				"east": {"uv": [0, 13.875, 6.24318, 13.875], "texture": "#1"},
				"south": {"uv": [6.5, 12.25, 7.18182, 12.25], "texture": "#1"},
				"west": {"uv": [9.25, 15.875, 15.49318, 15.875], "texture": "#1"},
				"up": {"uv": [0, 12.25, 14, 14], "texture": "#1"},
				"down": {"uv": [15.31818, 9.75682, 16, 16], "rotation": 180, "texture": "#1"}
			}
		}
	],
	"gui_light": "front",
	"display": {
		"thirdperson_righthand": {
			"translation": [0, 2.25, 0],
			"scale": [0.3, 0.3, 0.3]
		},
		"firstperson_righthand": {
			"translation": [11.75, 0.5, -13.5]
		},
		"ground": {
			"translation": [0, 4, 0],
			"scale": [0.6, 0.6, 0.6]
		},
		"gui": {
			"rotation": [90, 90, 0],
			"translation": [0.25, 0, 0],
			"scale": [0.4, 0.4, 0.4]
		},
		"head": {
			"translation": [0, 0.01, 0],
			"scale": [1.005, 1.1, 1.005]
		},
		"fixed": {
			"rotation": [-90, 0, 0],
			"translation": [0, 0, -8]
		}
	}
}